Week,Day,Date,Time,Winner/tie,Unnamed: 5,Loser/tie,Unnamed: 7,YdsW,TOW,YdsL,TOL,Combined_Pts
1,Thu,2011-09-08,8:40PM,Green Bay Packers,,New Orleans Saints,boxscore,399.0,0.0,477.0,1.0,42  -  34
1,Sun,2011-09-11,1:00PM,Philadelphia Eagles,@,St. Louis Rams,boxscore,403.0,1.0,335.0,1.0,31  -  13
1,Sun,2011-09-11,1:05PM,Houston Texans,,Indianapolis Colts,boxscore,384.0,3.0,236.0,2.0,34  -  7
1,Sun,2011-09-11,1:05PM,Jacksonville Jaguars,,Tennessee Titans,boxscore,323.0,1.0,292.0,1.0,16  -  14
1,Sun,2011-09-11,1:05PM,Baltimore Ravens,,Pittsburgh Steelers,boxscore,385.0,0.0,312.0,7.0,35  -  7
1,Sun,2011-09-11,1:06PM,Chicago Bears,,Atlanta Falcons,boxscore,377.0,1.0,386.0,3.0,30  -  12
1,Sun,2011-09-11,1:06PM,Buffalo Bills,@,Kansas City Chiefs,boxscore,364.0,1.0,213.0,3.0,41  -  7
1,Sun,2011-09-11,1:06PM,Cincinnati Bengals,@,Cleveland Browns,boxscore,294.0,0.0,285.0,1.0,27  -  17
1,Sun,2011-09-11,1:06PM,Detroit Lions,@,Tampa Bay Buccaneers,boxscore,431.0,1.0,315.0,2.0,27  -  20
1,Sun,2011-09-11,4:15PM,Arizona Cardinals,,Carolina Panthers,boxscore,394.0,1.0,477.0,1.0,28  -  21
1,Sun,2011-09-11,4:20PM,San Diego Chargers,,Minnesota Vikings,boxscore,407.0,2.0,187.0,1.0,24  -  17
1,Sun,2011-09-11,4:22PM,San Francisco 49ers,,Seattle Seahawks,boxscore,209.0,0.0,219.0,3.0,33  -  17
1,Sun,2011-09-11,4:23PM,Washington Redskins,,New York Giants,boxscore,332.0,1.0,315.0,1.0,28  -  14
1,Sun,2011-09-11,8:33PM,New York Jets,,Dallas Cowboys,boxscore,360.0,2.0,390.0,3.0,27  -  24
1,Mon,2011-09-12,7:13PM,New England Patriots,@,Miami Dolphins,boxscore,622.0,1.0,488.0,1.0,38  -  24
1,Mon,2011-09-12,10:26PM,Oakland Raiders,@,Denver Broncos,boxscore,289.0,1.0,310.0,3.0,23  -  20
2,Sun,2011-09-18,1:02PM,Green Bay Packers,@,Carolina Panthers,boxscore,419.0,1.0,475.0,4.0,30  -  23
2,Sun,2011-09-18,1:02PM,New Orleans Saints,,Chicago Bears,boxscore,382.0,1.0,246.0,1.0,30  -  13
2,Sun,2011-09-18,1:02PM,Cleveland Browns,@,Indianapolis Colts,boxscore,303.0,1.0,285.0,2.0,27  -  19
2,Sun,2011-09-18,1:02PM,Detroit Lions,,Kansas City Chiefs,boxscore,411.0,1.0,267.0,6.0,48  -  3
2,Sun,2011-09-18,1:02PM,New York Jets,,Jacksonville Jaguars,boxscore,283.0,2.0,203.0,4.0,32  -  3
2,Sun,2011-09-18,1:02PM,Tennessee Titans,,Baltimore Ravens,boxscore,432.0,1.0,229.0,3.0,26  -  13
2,Sun,2011-09-18,1:02PM,Pittsburgh Steelers,,Seattle Seahawks,boxscore,421.0,0.0,164.0,0.0,24  -  0
2,Sun,2011-09-18,1:03PM,Buffalo Bills,,Oakland Raiders,boxscore,481.0,1.0,454.0,2.0,38  -  35
2,Sun,2011-09-18,1:03PM,Washington Redskins,,Arizona Cardinals,boxscore,455.0,2.0,324.0,2.0,22  -  21
2,Sun,2011-09-18,1:05PM,Tampa Bay Buccaneers,@,Minnesota Vikings,boxscore,335.0,1.0,398.0,1.0,24  -  20
2,Sun,2011-09-18,4:05PM,Dallas Cowboys,@,San Francisco 49ers,boxscore,472.0,2.0,206.0,1.0,27  -  24
2,Sun,2011-09-18,4:15PM,Denver Broncos,,Cincinnati Bengals,boxscore,318.0,2.0,382.0,0.0,24  -  22
2,Sun,2011-09-18,4:15PM,Houston Texans,@,Miami Dolphins,boxscore,345.0,0.0,306.0,2.0,23  -  13
2,Sun,2011-09-18,4:15PM,New England Patriots,,San Diego Chargers,boxscore,504.0,0.0,470.0,4.0,35  -  21
2,Sun,2011-09-18,8:30PM,Atlanta Falcons,,Philadelphia Eagles,boxscore,318.0,2.0,447.0,3.0,35  -  31
2,Mon,2011-09-19,8:40PM,New York Giants,,St. Louis Rams,boxscore,323.0,1.0,367.0,2.0,28  -  16
3,Sun,2011-09-25,1:02PM,Carolina Panthers,,Jacksonville Jaguars,boxscore,265.0,0.0,257.0,1.0,16  -  10
3,Sun,2011-09-25,1:02PM,San Francisco 49ers,@,Cincinnati Bengals,boxscore,226.0,1.0,228.0,3.0,13  -  8
3,Sun,2011-09-25,1:02PM,Cleveland Browns,,Miami Dolphins,boxscore,280.0,1.0,369.0,2.0,17  -  16
3,Sun,2011-09-25,1:02PM,Tennessee Titans,,Denver Broncos,boxscore,333.0,2.0,231.0,2.0,17  -  14
3,Sun,2011-09-25,1:02PM,New Orleans Saints,,Houston Texans,boxscore,454.0,2.0,473.0,1.0,40  -  33
3,Sun,2011-09-25,1:03PM,Buffalo Bills,,New England Patriots,boxscore,448.0,2.0,495.0,4.0,34  -  31
3,Sun,2011-09-25,1:03PM,New York Giants,@,Philadelphia Eagles,boxscore,334.0,0.0,376.0,3.0,29  -  16
3,Sun,2011-09-25,1:05PM,Detroit Lions,@,Minnesota Vikings,boxscore,358.0,0.0,321.0,0.0,26  -  23
3,Sun,2011-09-25,4:04PM,Oakland Raiders,,New York Jets,boxscore,383.0,0.0,439.0,2.0,34  -  24
3,Sun,2011-09-25,4:05PM,San Diego Chargers,,Kansas City Chiefs,boxscore,375.0,2.0,252.0,1.0,20  -  17
3,Sun,2011-09-25,4:05PM,Baltimore Ravens,@,St. Louis Rams,boxscore,553.0,1.0,244.0,2.0,37  -  7
3,Sun,2011-09-25,4:15PM,Green Bay Packers,@,Chicago Bears,boxscore,392.0,2.0,291.0,2.0,27  -  17
3,Sun,2011-09-25,4:15PM,Seattle Seahawks,,Arizona Cardinals,boxscore,261.0,1.0,324.0,2.0,13  -  10
3,Sun,2011-09-25,4:16PM,Tampa Bay Buccaneers,,Atlanta Falcons,boxscore,295.0,2.0,325.0,3.0,16  -  13
3,Sun,2011-09-25,8:30PM,Pittsburgh Steelers,@,Indianapolis Colts,boxscore,408.0,3.0,241.0,1.0,23  -  20
3,Mon,2011-09-26,8:41PM,Dallas Cowboys,,Washington Redskins,boxscore,375.0,2.0,298.0,2.0,18  -  16
4,Sun,2011-10-02,1:00PM,Washington Redskins,@,St. Louis Rams,boxscore,339.0,2.0,172.0,1.0,17  -  10
4,Sun,2011-10-02,1:02PM,Detroit Lions,@,Dallas Cowboys,boxscore,303.0,1.0,434.0,3.0,34  -  30
4,Sun,2011-10-02,1:02PM,Kansas City Chiefs,,Minnesota Vikings,boxscore,350.0,0.0,341.0,1.0,22  -  17
4,Sun,2011-10-02,1:03PM,Cincinnati Bengals,,Buffalo Bills,boxscore,458.0,2.0,273.0,0.0,23  -  20
4,Sun,2011-10-02,1:03PM,Tennessee Titans,@,Cleveland Browns,boxscore,332.0,1.0,416.0,1.0,31  -  13
4,Sun,2011-10-02,1:03PM,Houston Texans,,Pittsburgh Steelers,boxscore,318.0,0.0,296.0,1.0,17  -  10
4,Sun,2011-10-02,1:03PM,New Orleans Saints,@,Jacksonville Jaguars,boxscore,503.0,2.0,274.0,1.0,23  -  10
4,Sun,2011-10-02,1:03PM,San Francisco 49ers,@,Philadelphia Eagles,boxscore,442.0,1.0,513.0,3.0,24  -  23
4,Sun,2011-10-02,1:04PM,Chicago Bears,,Carolina Panthers,boxscore,317.0,1.0,543.0,1.0,34  -  29
4,Sun,2011-10-02,4:05PM,Atlanta Falcons,@,Seattle Seahawks,boxscore,412.0,0.0,372.0,2.0,30  -  28
4,Sun,2011-10-02,4:05PM,New York Giants,@,Arizona Cardinals,boxscore,360.0,2.0,368.0,2.0,31  -  27
4,Sun,2011-10-02,4:15PM,Green Bay Packers,,Denver Broncos,boxscore,507.0,2.0,384.0,4.0,49  -  23
4,Sun,2011-10-02,4:15PM,San Diego Chargers,,Miami Dolphins,boxscore,411.0,0.0,248.0,2.0,26  -  16
4,Sun,2011-10-02,4:15PM,New England Patriots,@,Oakland Raiders,boxscore,409.0,0.0,504.0,2.0,31  -  19
4,Sun,2011-10-02,8:30PM,Baltimore Ravens,,New York Jets,boxscore,267.0,3.0,150.0,4.0,34  -  17
4,Mon,2011-10-03,8:40PM,Tampa Bay Buccaneers,,Indianapolis Colts,boxscore,466.0,0.0,318.0,1.0,24  -  17
5,Sun,2011-10-09,1:02PM,Cincinnati Bengals,@,Jacksonville Jaguars,boxscore,239.0,1.0,296.0,2.0,30  -  20
5,Sun,2011-10-09,1:02PM,Kansas City Chiefs,@,Indianapolis Colts,boxscore,436.0,0.0,355.0,0.0,28  -  24
5,Sun,2011-10-09,1:02PM,Oakland Raiders,@,Houston Texans,boxscore,278.0,1.0,473.0,2.0,25  -  20
5,Sun,2011-10-09,1:02PM,Pittsburgh Steelers,,Tennessee Titans,boxscore,431.0,1.0,306.0,1.0,38  -  17
5,Sun,2011-10-09,1:04PM,Buffalo Bills,,Philadelphia Eagles,boxscore,331.0,1.0,489.0,5.0,31  -  24
5,Sun,2011-10-09,1:04PM,New Orleans Saints,@,Carolina Panthers,boxscore,444.0,1.0,381.0,1.0,30  -  27
5,Sun,2011-10-09,1:04PM,Seattle Seahawks,@,New York Giants,boxscore,424.0,3.0,464.0,5.0,36  -  25
5,Sun,2011-10-09,1:05PM,Minnesota Vikings,,Arizona Cardinals,boxscore,332.0,1.0,291.0,4.0,34  -  10
5,Sun,2011-10-09,4:05PM,San Francisco 49ers,,Tampa Bay Buccaneers,boxscore,418.0,1.0,272.0,3.0,48  -  3
5,Sun,2011-10-09,4:15PM,New England Patriots,,New York Jets,boxscore,446.0,1.0,255.0,0.0,30  -  21
5,Sun,2011-10-09,4:16PM,San Diego Chargers,@,Denver Broncos,boxscore,418.0,2.0,275.0,1.0,29  -  24
5,Sun,2011-10-09,8:30PM,Green Bay Packers,@,Atlanta Falcons,boxscore,426.0,1.0,251.0,2.0,25  -  14
5,Mon,2011-10-10,8:40PM,Detroit Lions,,Chicago Bears,boxscore,395.0,1.0,359.0,0.0,24  -  13
6,Sun,2011-10-16,1:02PM,Atlanta Falcons,,Carolina Panthers,boxscore,325.0,0.0,368.0,3.0,31  -  17
6,Sun,2011-10-16,1:02PM,New York Giants,,Buffalo Bills,boxscore,414.0,0.0,374.0,2.0,27  -  24
6,Sun,2011-10-16,1:02PM,Cincinnati Bengals,,Indianapolis Colts,boxscore,358.0,0.0,273.0,3.0,27  -  17
6,Sun,2011-10-16,1:02PM,Green Bay Packers,,St. Louis Rams,boxscore,399.0,1.0,424.0,1.0,24  -  3
6,Sun,2011-10-16,1:02PM,Pittsburgh Steelers,,Jacksonville Jaguars,boxscore,370.0,0.0,209.0,0.0,17  -  13
6,Sun,2011-10-16,1:03PM,San Francisco 49ers,@,Detroit Lions,boxscore,314.0,2.0,310.0,0.0,25  -  19
6,Sun,2011-10-16,1:05PM,Philadelphia Eagles,@,Washington Redskins,boxscore,422.0,2.0,287.0,4.0,20  -  13
6,Sun,2011-10-16,4:05PM,Oakland Raiders,,Cleveland Browns,boxscore,329.0,1.0,268.0,1.0,24  -  17
6,Sun,2011-10-16,4:06PM,Baltimore Ravens,,Houston Texans,boxscore,402.0,2.0,293.0,0.0,29  -  14
6,Sun,2011-10-16,4:15PM,New England Patriots,,Dallas Cowboys,boxscore,371.0,4.0,377.0,2.0,20  -  16
6,Sun,2011-10-16,4:15PM,Tampa Bay Buccaneers,,New Orleans Saints,boxscore,420.0,0.0,453.0,4.0,26  -  20
6,Sun,2011-10-16,8:30PM,Chicago Bears,,Minnesota Vikings,boxscore,377.0,1.0,286.0,0.0,39  -  10
6,Mon,2011-10-17,8:40PM,New York Jets,,Miami Dolphins,boxscore,296.0,1.0,308.0,3.0,24  -  6
7,Sun,2011-10-23,1:02PM,Denver Broncos,@,Miami Dolphins,boxscore,308.0,1.0,267.0,1.0,18  -  15
7,Sun,2011-10-23,1:02PM,Houston Texans,@,Tennessee Titans,boxscore,518.0,0.0,148.0,2.0,41  -  7
7,Sun,2011-10-23,1:03PM,New York Jets,,San Diego Chargers,boxscore,318.0,2.0,268.0,2.0,27  -  21
7,Sun,2011-10-23,1:05PM,Cleveland Browns,,Seattle Seahawks,boxscore,298.0,1.0,137.0,2.0,6  -  3
7,Sun,2011-10-23,1:05PM,Atlanta Falcons,@,Detroit Lions,boxscore,328.0,2.0,263.0,1.0,23  -  16
7,Sun,2011-10-23,1:05PM,Carolina Panthers,,Washington Redskins,boxscore,407.0,0.0,353.0,3.0,33  -  20
7,Sun,2011-10-23,1:05PM,Chicago Bears,@,Tampa Bay Buccaneers,boxscore,395.0,2.0,280.0,4.0,24  -  18
7,Sun,2011-10-23,4:05PM,Pittsburgh Steelers,@,Arizona Cardinals,boxscore,445.0,0.0,330.0,1.0,32  -  20
7,Sun,2011-10-23,4:15PM,Dallas Cowboys,,St. Louis Rams,boxscore,445.0,1.0,265.0,2.0,34  -  7
7,Sun,2011-10-23,4:15PM,Green Bay Packers,@,Minnesota Vikings,boxscore,421.0,1.0,435.0,2.0,33  -  27
7,Sun,2011-10-23,7:05PM,Kansas City Chiefs,@,Oakland Raiders,boxscore,300.0,2.0,322.0,6.0,28  -  0
7,Sun,2011-10-23,8:30PM,New Orleans Saints,,Indianapolis Colts,boxscore,557.0,0.0,252.0,3.0,62  -  7
7,Mon,2011-10-24,8:40PM,Jacksonville Jaguars,,Baltimore Ravens,boxscore,205.0,1.0,146.0,2.0,12  -  7
8,Sun,2011-10-30,1:00PM,St. Louis Rams,,New Orleans Saints,boxscore,323.0,1.0,283.0,2.0,31  -  21
8,Sun,2011-10-30,1:02PM,Baltimore Ravens,,Arizona Cardinals,boxscore,405.0,2.0,207.0,1.0,30  -  27
8,Sun,2011-10-30,1:02PM,New York Giants,,Miami Dolphins,boxscore,402.0,0.0,246.0,1.0,20  -  17
8,Sun,2011-10-30,1:02PM,Tennessee Titans,,Indianapolis Colts,boxscore,311.0,0.0,399.0,2.0,27  -  10
8,Sun,2011-10-30,1:02PM,Houston Texans,,Jacksonville Jaguars,boxscore,358.0,2.0,174.0,2.0,24  -  14
8,Sun,2011-10-30,1:03PM,Minnesota Vikings,@,Carolina Panthers,boxscore,361.0,1.0,405.0,2.0,24  -  21
8,Sun,2011-10-30,4:05PM,Buffalo Bills,,Washington Redskins,boxscore,390.0,2.0,178.0,2.0,23  -  0
8,Sun,2011-10-30,4:10PM,Detroit Lions,@,Denver Broncos,boxscore,376.0,0.0,312.0,3.0,45  -  10
8,Sun,2011-10-30,4:15PM,San Francisco 49ers,,Cleveland Browns,boxscore,348.0,0.0,290.0,2.0,20  -  10
8,Sun,2011-10-30,4:15PM,Pittsburgh Steelers,,New England Patriots,boxscore,427.0,1.0,213.0,0.0,25  -  17
8,Sun,2011-10-30,4:16PM,Cincinnati Bengals,@,Seattle Seahawks,boxscore,252.0,2.0,411.0,2.0,34  -  12
8,Sun,2011-10-30,8:28PM,Philadelphia Eagles,,Dallas Cowboys,boxscore,495.0,0.0,267.0,1.0,34  -  7
8,Mon,2011-10-31,8:40PM,Kansas City Chiefs,,San Diego Chargers,boxscore,341.0,4.0,447.0,4.0,23  -  20
9,Sun,2011-11-06,1:02PM,Atlanta Falcons,@,Indianapolis Colts,boxscore,432.0,1.0,186.0,2.0,31  -  7
9,Sun,2011-11-06,1:02PM,Dallas Cowboys,,Seattle Seahawks,boxscore,442.0,1.0,381.0,3.0,23  -  13
9,Sun,2011-11-06,1:03PM,New York Jets,@,Buffalo Bills,boxscore,348.0,2.0,287.0,3.0,27  -  11
9,Sun,2011-11-06,1:03PM,Houston Texans,,Cleveland Browns,boxscore,380.0,1.0,172.0,2.0,30  -  12
9,Sun,2011-11-06,1:03PM,Miami Dolphins,@,Kansas City Chiefs,boxscore,351.0,0.0,343.0,0.0,31  -  3
9,Sun,2011-11-06,1:03PM,San Francisco 49ers,@,Washington Redskins,boxscore,326.0,1.0,303.0,3.0,19  -  11
9,Sun,2011-11-06,1:03PM,New Orleans Saints,,Tampa Bay Buccaneers,boxscore,453.0,1.0,365.0,0.0,27  -  16
9,Sun,2011-11-06,4:05PM,Cincinnati Bengals,@,Tennessee Titans,boxscore,319.0,0.0,328.0,1.0,24  -  17
9,Sun,2011-11-06,4:05PM,Denver Broncos,@,Oakland Raiders,boxscore,412.0,0.0,416.0,3.0,38  -  24
9,Sun,2011-11-06,4:15PM,Arizona Cardinals,,St. Louis Rams,boxscore,262.0,0.0,383.0,1.0,19  -  13
9,Sun,2011-11-06,4:15PM,Green Bay Packers,@,San Diego Chargers,boxscore,368.0,0.0,460.0,3.0,45  -  38
9,Sun,2011-11-06,4:15PM,New York Giants,@,New England Patriots,boxscore,361.0,2.0,438.0,4.0,24  -  20
9,Sun,2011-11-06,8:30PM,Baltimore Ravens,@,Pittsburgh Steelers,boxscore,356.0,1.0,392.0,2.0,23  -  20
9,Mon,2011-11-07,8:41PM,Chicago Bears,@,Philadelphia Eagles,boxscore,372.0,2.0,330.0,2.0,30  -  24
10,Thu,2011-11-10,8:29PM,Oakland Raiders,@,San Diego Chargers,boxscore,489.0,2.0,314.0,2.0,24  -  17
10,Sun,2011-11-13,1:02PM,Dallas Cowboys,,Buffalo Bills,boxscore,433.0,0.0,271.0,4.0,44  -  7
10,Sun,2011-11-13,1:02PM,Pittsburgh Steelers,@,Cincinnati Bengals,boxscore,328.0,1.0,279.0,2.0,24  -  17
10,Sun,2011-11-13,1:02PM,Arizona Cardinals,@,Philadelphia Eagles,boxscore,370.0,2.0,289.0,2.0,21  -  17
10,Sun,2011-11-13,1:02PM,Jacksonville Jaguars,@,Indianapolis Colts,boxscore,251.0,1.0,212.0,3.0,17  -  3
10,Sun,2011-11-13,1:02PM,Houston Texans,@,Tampa Bay Buccaneers,boxscore,420.0,0.0,231.0,4.0,37  -  9
10,Sun,2011-11-13,1:03PM,New Orleans Saints,@,Atlanta Falcons,boxscore,363.0,0.0,481.0,1.0,26  -  23
10,Sun,2011-11-13,1:03PM,St. Louis Rams,@,Cleveland Browns,boxscore,281.0,2.0,335.0,1.0,13  -  12
10,Sun,2011-11-13,1:03PM,Denver Broncos,@,Kansas City Chiefs,boxscore,313.0,0.0,258.0,0.0,17  -  10
10,Sun,2011-11-13,1:03PM,Miami Dolphins,,Washington Redskins,boxscore,303.0,2.0,246.0,2.0,20  -  9
10,Sun,2011-11-13,1:04PM,Tennessee Titans,@,Carolina Panthers,boxscore,383.0,1.0,279.0,2.0,30  -  3
10,Sun,2011-11-13,4:06PM,Seattle Seahawks,,Baltimore Ravens,boxscore,327.0,0.0,323.0,3.0,22  -  17
10,Sun,2011-11-13,4:15PM,San Francisco 49ers,,New York Giants,boxscore,305.0,1.0,395.0,2.0,27  -  20
10,Sun,2011-11-13,4:16PM,Chicago Bears,,Detroit Lions,boxscore,216.0,1.0,393.0,6.0,37  -  13
10,Sun,2011-11-13,8:31PM,New England Patriots,@,New York Jets,boxscore,389.0,0.0,378.0,3.0,37  -  16
10,Mon,2011-11-14,8:40PM,Green Bay Packers,,Minnesota Vikings,boxscore,356.0,1.0,266.0,1.0,45  -  7
11,Thu,2011-11-17,8:30PM,Denver Broncos,,New York Jets,boxscore,229.0,1.0,318.0,2.0,17  -  13
11,Sun,2011-11-20,1:02PM,Miami Dolphins,,Buffalo Bills,boxscore,242.0,0.0,245.0,2.0,35  -  8
11,Sun,2011-11-20,1:02PM,Detroit Lions,,Carolina Panthers,boxscore,495.0,3.0,409.0,4.0,49  -  35
11,Sun,2011-11-20,1:02PM,Baltimore Ravens,,Cincinnati Bengals,boxscore,373.0,1.0,483.0,3.0,31  -  24
11,Sun,2011-11-20,1:02PM,Cleveland Browns,,Jacksonville Jaguars,boxscore,334.0,1.0,303.0,0.0,14  -  10
11,Sun,2011-11-20,1:02PM,Green Bay Packers,,Tampa Bay Buccaneers,boxscore,378.0,1.0,455.0,2.0,35  -  26
11,Sun,2011-11-20,1:03PM,Dallas Cowboys,@,Washington Redskins,boxscore,353.0,0.0,339.0,2.0,27  -  24
11,Sun,2011-11-20,1:05PM,Oakland Raiders,@,Minnesota Vikings,boxscore,301.0,1.0,311.0,5.0,27  -  21
11,Sun,2011-11-20,4:05PM,San Francisco 49ers,,Arizona Cardinals,boxscore,431.0,1.0,229.0,5.0,23  -  7
11,Sun,2011-11-20,4:05PM,Seattle Seahawks,@,St. Louis Rams,boxscore,289.0,2.0,185.0,3.0,24  -  7
11,Sun,2011-11-20,4:15PM,Atlanta Falcons,,Tennessee Titans,boxscore,432.0,1.0,298.0,1.0,23  -  17
11,Sun,2011-11-20,4:16PM,Chicago Bears,,San Diego Chargers,boxscore,378.0,1.0,332.0,3.0,31  -  20
11,Sun,2011-11-20,8:32PM,Philadelphia Eagles,@,New York Giants,boxscore,391.0,3.0,278.0,2.0,17  -  10
11,Mon,2011-11-21,8:40PM,New England Patriots,,Kansas City Chiefs,boxscore,380.0,1.0,334.0,3.0,34  -  3
12,Thu,2011-11-24,12:35PM,Green Bay Packers,@,Detroit Lions,boxscore,349.0,0.0,409.0,3.0,27  -  15
12,Thu,2011-11-24,4:16PM,Dallas Cowboys,,Miami Dolphins,boxscore,303.0,2.0,352.0,1.0,20  -  19
12,Thu,2011-11-24,8:29PM,Baltimore Ravens,,San Francisco 49ers,boxscore,253.0,0.0,170.0,1.0,16  -  6
12,Sun,2011-11-27,1:00PM,Arizona Cardinals,@,St. Louis Rams,boxscore,374.0,3.0,272.0,2.0,23  -  20
12,Sun,2011-11-27,1:02PM,Atlanta Falcons,,Minnesota Vikings,boxscore,335.0,1.0,226.0,0.0,24  -  14
12,Sun,2011-11-27,1:02PM,New York Jets,,Buffalo Bills,boxscore,318.0,2.0,336.0,0.0,28  -  24
12,Sun,2011-11-27,1:02PM,Cincinnati Bengals,,Cleveland Browns,boxscore,389.0,1.0,274.0,1.0,23  -  20
12,Sun,2011-11-27,1:02PM,Tennessee Titans,,Tampa Bay Buccaneers,boxscore,352.0,4.0,308.0,5.0,23  -  17
12,Sun,2011-11-27,1:03PM,Carolina Panthers,@,Indianapolis Colts,boxscore,377.0,1.0,323.0,2.0,27  -  19
12,Sun,2011-11-27,1:03PM,Houston Texans,@,Jacksonville Jaguars,boxscore,215.0,1.0,255.0,1.0,20  -  13
12,Sun,2011-11-27,4:05PM,Oakland Raiders,,Chicago Bears,boxscore,341.0,1.0,401.0,3.0,25  -  20
12,Sun,2011-11-27,4:07PM,Washington Redskins,@,Seattle Seahawks,boxscore,416.0,2.0,250.0,1.0,23  -  17
12,Sun,2011-11-27,4:15PM,Denver Broncos,@,San Diego Chargers,boxscore,349.0,0.0,344.0,0.0,16  -  13
12,Sun,2011-11-27,4:15PM,New England Patriots,@,Philadelphia Eagles,boxscore,457.0,0.0,466.0,1.0,38  -  20
12,Sun,2011-11-27,8:31PM,Pittsburgh Steelers,@,Kansas City Chiefs,boxscore,290.0,2.0,252.0,4.0,13  -  9
12,Mon,2011-11-28,8:40PM,New Orleans Saints,,New York Giants,boxscore,577.0,0.0,465.0,2.0,49  -  24
13,Thu,2011-12-01,8:29PM,Seattle Seahawks,,Philadelphia Eagles,boxscore,347.0,0.0,330.0,4.0,31  -  14
13,Sun,2011-12-04,1:02PM,Tennessee Titans,@,Buffalo Bills,boxscore,317.0,0.0,386.0,2.0,23  -  17
13,Sun,2011-12-04,1:02PM,Carolina Panthers,@,Tampa Bay Buccaneers,boxscore,385.0,0.0,285.0,1.0,38  -  19
13,Sun,2011-12-04,1:02PM,Pittsburgh Steelers,,Cincinnati Bengals,boxscore,295.0,0.0,232.0,2.0,35  -  7
13,Sun,2011-12-04,1:02PM,New England Patriots,,Indianapolis Colts,boxscore,362.0,0.0,437.0,2.0,31  -  24
13,Sun,2011-12-04,1:03PM,Houston Texans,,Atlanta Falcons,boxscore,337.0,1.0,337.0,2.0,17  -  10
13,Sun,2011-12-04,1:03PM,Kansas City Chiefs,@,Chicago Bears,boxscore,252.0,1.0,181.0,3.0,10  -  3
13,Sun,2011-12-04,1:03PM,Miami Dolphins,,Oakland Raiders,boxscore,362.0,0.0,304.0,1.0,34  -  14
13,Sun,2011-12-04,1:03PM,New York Jets,@,Washington Redskins,boxscore,266.0,1.0,304.0,3.0,34  -  19
13,Sun,2011-12-04,1:05PM,Denver Broncos,@,Minnesota Vikings,boxscore,336.0,2.0,489.0,3.0,35  -  32
13,Sun,2011-12-04,4:05PM,Baltimore Ravens,@,Cleveland Browns,boxscore,448.0,1.0,233.0,1.0,24  -  10
13,Sun,2011-12-04,4:15PM,Arizona Cardinals,,Dallas Cowboys,boxscore,327.0,0.0,336.0,0.0,19  -  13
13,Sun,2011-12-04,4:15PM,Green Bay Packers,@,New York Giants,boxscore,449.0,1.0,447.0,2.0,38  -  35
13,Sun,2011-12-04,4:15PM,San Francisco 49ers,,St. Louis Rams,boxscore,389.0,0.0,157.0,2.0,26  -  0
13,Sun,2011-12-04,8:31PM,New Orleans Saints,,Detroit Lions,boxscore,438.0,0.0,466.0,1.0,31  -  17
13,Mon,2011-12-05,8:41PM,San Diego Chargers,@,Jacksonville Jaguars,boxscore,433.0,0.0,306.0,1.0,38  -  14
14,Thu,2011-12-08,8:28PM,Pittsburgh Steelers,,Cleveland Browns,boxscore,416.0,3.0,304.0,2.0,14  -  3
14,Sun,2011-12-11,1:02PM,Houston Texans,@,Cincinnati Bengals,boxscore,412.0,4.0,285.0,2.0,20  -  19
14,Sun,2011-12-11,1:02PM,Baltimore Ravens,,Indianapolis Colts,boxscore,358.0,2.0,167.0,1.0,24  -  10
14,Sun,2011-12-11,1:02PM,New York Jets,,Kansas City Chiefs,boxscore,314.0,1.0,221.0,1.0,37  -  10
14,Sun,2011-12-11,1:03PM,Detroit Lions,,Minnesota Vikings,boxscore,280.0,0.0,425.0,6.0,34  -  28
14,Sun,2011-12-11,1:03PM,Jacksonville Jaguars,,Tampa Bay Buccaneers,boxscore,325.0,2.0,280.0,7.0,41  -  14
14,Sun,2011-12-11,1:03PM,Philadelphia Eagles,@,Miami Dolphins,boxscore,239.0,2.0,204.0,3.0,26  -  10
14,Sun,2011-12-11,1:03PM,New Orleans Saints,@,Tennessee Titans,boxscore,437.0,0.0,373.0,0.0,22  -  17
14,Sun,2011-12-11,1:03PM,New England Patriots,@,Washington Redskins,boxscore,431.0,1.0,463.0,2.0,34  -  27
14,Sun,2011-12-11,1:04PM,Atlanta Falcons,@,Carolina Panthers,boxscore,394.0,0.0,416.0,2.0,31  -  23
14,Sun,2011-12-11,4:05PM,Denver Broncos,,Chicago Bears,boxscore,345.0,2.0,245.0,1.0,13  -  10
14,Sun,2011-12-11,4:05PM,Arizona Cardinals,,San Francisco 49ers,boxscore,325.0,3.0,233.0,0.0,21  -  19
14,Sun,2011-12-11,4:15PM,San Diego Chargers,,Buffalo Bills,boxscore,366.0,1.0,281.0,3.0,37  -  10
14,Sun,2011-12-11,4:15PM,Green Bay Packers,,Oakland Raiders,boxscore,391.0,1.0,357.0,5.0,46  -  16
14,Sun,2011-12-11,8:30PM,New York Giants,@,Dallas Cowboys,boxscore,510.0,1.0,444.0,1.0,37  -  34
14,Mon,2011-12-12,8:40PM,Seattle Seahawks,,St. Louis Rams,boxscore,359.0,1.0,281.0,1.0,30  -  13
15,Thu,2011-12-15,8:29PM,Atlanta Falcons,,Jacksonville Jaguars,boxscore,373.0,0.0,207.0,4.0,41  -  14
15,Sat,2011-12-17,8:29PM,Dallas Cowboys,@,Tampa Bay Buccaneers,boxscore,399.0,1.0,190.0,1.0,31  -  15
15,Sun,2011-12-18,1:00PM,Cincinnati Bengals,@,St. Louis Rams,boxscore,283.0,1.0,305.0,0.0,20  -  13
15,Sun,2011-12-18,1:02PM,Miami Dolphins,@,Buffalo Bills,boxscore,448.0,3.0,404.0,3.0,30  -  23
15,Sun,2011-12-18,1:02PM,Washington Redskins,@,New York Giants,boxscore,300.0,2.0,324.0,3.0,23  -  10
15,Sun,2011-12-18,1:03PM,Carolina Panthers,@,Houston Texans,boxscore,316.0,0.0,358.0,3.0,28  -  13
15,Sun,2011-12-18,1:03PM,Seattle Seahawks,@,Chicago Bears,boxscore,286.0,1.0,221.0,5.0,38  -  14
15,Sun,2011-12-18,1:03PM,Indianapolis Colts,,Tennessee Titans,boxscore,287.0,1.0,388.0,3.0,27  -  13
15,Sun,2011-12-18,1:03PM,Kansas City Chiefs,,Green Bay Packers,boxscore,438.0,0.0,315.0,0.0,19  -  14
15,Sun,2011-12-18,1:05PM,New Orleans Saints,@,Minnesota Vikings,boxscore,573.0,2.0,207.0,1.0,42  -  20
15,Sun,2011-12-18,4:05PM,Detroit Lions,@,Oakland Raiders,boxscore,432.0,1.0,477.0,1.0,28  -  27
15,Sun,2011-12-18,4:15PM,Arizona Cardinals,,Cleveland Browns,boxscore,363.0,1.0,333.0,1.0,20  -  17
15,Sun,2011-12-18,4:16PM,New England Patriots,@,Denver Broncos,boxscore,451.0,0.0,393.0,3.0,41  -  23
15,Sun,2011-12-18,4:16PM,Philadelphia Eagles,,New York Jets,boxscore,420.0,4.0,241.0,4.0,45  -  19
15,Sun,2011-12-18,8:30PM,San Diego Chargers,,Baltimore Ravens,boxscore,415.0,0.0,290.0,2.0,34  -  14
15,Mon,2011-12-19,9:00PM,San Francisco 49ers,,Pittsburgh Steelers,boxscore,287.0,0.0,389.0,4.0,20  -  3
16,Thu,2011-12-22,8:29PM,Indianapolis Colts,,Houston Texans,boxscore,320.0,1.0,283.0,1.0,19  -  16
16,Sat,2011-12-24,1:02PM,Buffalo Bills,,Denver Broncos,boxscore,351.0,0.0,285.0,3.0,40  -  14
16,Sat,2011-12-24,1:02PM,Cincinnati Bengals,,Arizona Cardinals,boxscore,301.0,2.0,316.0,3.0,23  -  16
16,Sat,2011-12-24,1:02PM,Tennessee Titans,,Jacksonville Jaguars,boxscore,407.0,3.0,300.0,1.0,23  -  17
16,Sat,2011-12-24,1:02PM,New England Patriots,,Miami Dolphins,boxscore,400.0,0.0,374.0,2.0,27  -  24
16,Sat,2011-12-24,1:02PM,Pittsburgh Steelers,,St. Louis Rams,boxscore,377.0,1.0,232.0,0.0,27  -  0
16,Sat,2011-12-24,1:03PM,Baltimore Ravens,,Cleveland Browns,boxscore,284.0,1.0,256.0,1.0,20  -  14
16,Sat,2011-12-24,1:03PM,Oakland Raiders,@,Kansas City Chiefs,boxscore,308.0,2.0,435.0,2.0,16  -  13
16,Sat,2011-12-24,1:03PM,New York Giants,@,New York Jets,boxscore,332.0,1.0,331.0,3.0,29  -  14
16,Sat,2011-12-24,1:04PM,Carolina Panthers,,Tampa Bay Buccaneers,boxscore,433.0,0.0,317.0,4.0,48  -  16
16,Sat,2011-12-24,1:05PM,Minnesota Vikings,@,Washington Redskins,boxscore,389.0,0.0,397.0,2.0,33  -  26
16,Sat,2011-12-24,4:05PM,Detroit Lions,,San Diego Chargers,boxscore,440.0,0.0,367.0,2.0,38  -  10
16,Sat,2011-12-24,4:15PM,Philadelphia Eagles,@,Dallas Cowboys,boxscore,386.0,1.0,238.0,0.0,20  -  7
16,Sat,2011-12-24,4:16PM,San Francisco 49ers,@,Seattle Seahawks,boxscore,349.0,0.0,265.0,1.0,19  -  17
16,Sun,2011-12-25,8:30PM,Green Bay Packers,,Chicago Bears,boxscore,363.0,0.0,441.0,2.0,35  -  21
16,Mon,2011-12-26,8:40PM,New Orleans Saints,,Atlanta Falcons,boxscore,463.0,2.0,469.0,1.0,45  -  16
17,Sun,2012-01-01,1:00PM,San Francisco 49ers,@,St. Louis Rams,boxscore,321.0,0.0,311.0,2.0,34  -  27
17,Sun,2012-01-01,1:02PM,New England Patriots,,Buffalo Bills,boxscore,480.0,1.0,402.0,4.0,49  -  21
17,Sun,2012-01-01,1:02PM,Green Bay Packers,,Detroit Lions,boxscore,550.0,2.0,575.0,4.0,45  -  41
17,Sun,2012-01-01,1:02PM,Tennessee Titans,@,Houston Texans,boxscore,361.0,1.0,387.0,1.0,23  -  22
17,Sun,2012-01-01,1:02PM,Miami Dolphins,,New York Jets,boxscore,210.0,2.0,374.0,3.0,19  -  17
17,Sun,2012-01-01,1:02PM,Philadelphia Eagles,,Washington Redskins,boxscore,390.0,2.0,377.0,1.0,34  -  10
17,Sun,2012-01-01,1:03PM,New Orleans Saints,,Carolina Panthers,boxscore,617.0,1.0,301.0,2.0,45  -  17
17,Sun,2012-01-01,1:03PM,Jacksonville Jaguars,,Indianapolis Colts,boxscore,261.0,1.0,298.0,3.0,19  -  13
17,Sun,2012-01-01,1:05PM,Chicago Bears,@,Minnesota Vikings,boxscore,209.0,3.0,301.0,3.0,17  -  13
17,Sun,2012-01-01,4:15PM,Arizona Cardinals,,Seattle Seahawks,boxscore,388.0,2.0,369.0,1.0,23  -  20
17,Sun,2012-01-01,4:15PM,San Diego Chargers,@,Oakland Raiders,boxscore,463.0,1.0,520.0,1.0,38  -  26
17,Sun,2012-01-01,4:16PM,Baltimore Ravens,@,Cincinnati Bengals,boxscore,347.0,0.0,336.0,1.0,24  -  16
17,Sun,2012-01-01,4:16PM,Pittsburgh Steelers,@,Cleveland Browns,boxscore,360.0,2.0,240.0,1.0,13  -  9
17,Sun,2012-01-01,4:16PM,Kansas City Chiefs,@,Denver Broncos,boxscore,281.0,1.0,266.0,2.0,7  -  3
17,Sun,2012-01-01,4:17PM,Atlanta Falcons,,Tampa Bay Buccaneers,boxscore,428.0,2.0,294.0,4.0,45  -  24
17,Sun,2012-01-01,8:31PM,New York Giants,,Dallas Cowboys,boxscore,437.0,0.0,300.0,2.0,31  -  14
,,Playoffs,,,,,,,,,,0  -  0
WildCard,Sat,2012-01-07,4:35PM,Houston Texans,,Cincinnati Bengals,boxscore,340.0,0.0,300.0,3.0,31  -  10
WildCard,Sat,2012-01-07,8:09PM,New Orleans Saints,,Detroit Lions,boxscore,626.0,2.0,412.0,2.0,45  -  28
WildCard,Sun,2012-01-08,1:06PM,New York Giants,,Atlanta Falcons,boxscore,442.0,0.0,247.0,0.0,24  -  2
WildCard,Sun,2012-01-08,4:40PM,Denver Broncos,,Pittsburgh Steelers,boxscore,447.0,1.0,400.0,1.0,29  -  23
Division,Sat,2012-01-14,4:35PM,San Francisco 49ers,,New Orleans Saints,boxscore,407.0,1.0,472.0,5.0,36  -  32
Division,Sat,2012-01-14,8:15PM,New England Patriots,,Denver Broncos,boxscore,509.0,2.0,252.0,1.0,45  -  10
Division,Sun,2012-01-15,1:05PM,Baltimore Ravens,,Houston Texans,boxscore,227.0,0.0,315.0,4.0,20  -  13
Division,Sun,2012-01-15,4:40PM,New York Giants,@,Green Bay Packers,boxscore,420.0,1.0,388.0,4.0,37  -  20
ConfChamp,Sun,2012-01-22,3:05PM,New England Patriots,,Baltimore Ravens,boxscore,330.0,3.0,398.0,1.0,23  -  20
ConfChamp,Sun,2012-01-22,6:41PM,New York Giants,@,San Francisco 49ers,boxscore,352.0,0.0,328.0,2.0,20  -  17
SuperBowl,Sun,2012-02-05,6:30PM,New York Giants,N,New England Patriots,boxscore,396.0,0.0,349.0,1.0,21  -  17
